Authors,Title,Publication,Volume,Number,Pages,Year,Publisher
"Carvalho, Rafael Lima de; Almeida, Tiago da Silva; Rocha, Marcelo Lisboa; ",Introdução às Metaheurísticas,,,,,2020,
"Milhomem, Suayder; Almeida, Tiago; Gramacho, Warley; Lima, Rafael; ",Avaliaçao da rede neural sem peso WISARD na base de dados MNIST,COMPUTACAO: TECNOLOGIAS COMPUTACIONAIS E SEUS IMPACTOS SOCIOECONˆOMICOS,,,26,,
"Almeida, Tiago da Silva; ",XI SECCOMP-Semana Acadêmica do Curso de Ciência da Computação: tecnologias computacionais e seus impactos socioeconômicos,XI SECCOMP-Semana Acadêmica do Curso de Ciência da Computação: tecnologias computacionais e seus impactos socioeconômicos,,,,2018,
"Milhomem, Suayder; Almeida, Tiago da Silva; da Silva, Warley Gramacho; da Silva, Edeilson Milhomem; de Carvalho, Rafael Lima; ",Weightless neural network with transfer learning to detect distress in asphalt,arXiv preprint arXiv:1901.03660,,,,2019,
"Almeida, Tiago Da Silva; Vin, Murillo; Da Silva, Warley Gramacho; De Carvalho, Rafael Lima; ",Development of transducer management module for irrigation in precision agriculture based on internet of things,International Journal of Internet of Things and Web Services,3,,,2018,International Association of Research and Science
"Almeida, Tiago Da Silva; Costa, Leonardo Rezende; Da Silva, Warley Gramacho; De Carvalho, Rafael Lima; ",CRELSA: property control access based on the internet of things,International Journal of Internet of Things and Web Services,3,,,2018,International Association of Research and Science
"Almeida, Tiago da Silva; Caravalho, Rafael Lima de; ",Do VHDL ao VHDL-AMS em 1 dia,,,,,2020,
"Almeida, Tiago Da Silva; Da Silva, Alexandre César Rodrigues; Rossi, Silvano Renato; ",Modelagem e análise do padrão IEEE 1451 por meio de máquinas de estados finitos,Proceedings of International Conference on Engineering and Technology Education,11,,,2014,
"da Silva Almeida, Tiago; ",Technical report of Raspberry Pi prototype for lectures in public universities,"Academic Journal on Computing, Engineering and Applied Mathematics",1,1,7-12,2020,
"da Silva Ribeiro, Reinaldo; de Carvalho, Rafael Lima; da Silva Almeida, Tiago; ",Optimization of state assignment in a finite state machine: evaluation of a simulated annealing approach,"Academic Journal on Computing, Engineering and Applied Mathematics",3,1,9-16,2022,
"da Silva Almeida, Tiago; da Silva, Alexandre César Rodrigues; Sampaio, Daniel JBS; ",COMPUTATIONAL TOOL FOR AUTOMATIC DESCRIPTION OF TIM AND NCAP (IEEE STD. 1451) SPECIFIED IN XML AT HIGH LEVEL OF ABSTRACTION AS FINITE STATE MACHINE,,,,,2014,
"da Silva Almeida, Tiago; Roledo, Lucas Beraldo; de Carvalho, Rafael Lima; da Silva, Warley Gramacho; ",Embedded server to automatic control of wireless transducer network for irrigation based on Internet of things,Revista Sítio Novo,4,2,6-18,2020,
"da Silva, Matheus Almeida Farias; de Carvalho, Rafael Lima; da Silva Almeida, Tiago; ",Evaluation of a Sliding Window mechanism as DataAugmentation over Emotion Detection on Speech,"Academic Journal on Computing, Engineering and Applied Mathematics",2,1,11-18,2021,
"da Silva Almeida, Tiago; da Silva, Alexandre César Rodrigues; Rossi, Silvano Renato; ",SF 2 HDL: A Computational Tool of State Transition Diagram Translation,,,,,,
"da Silva Almeida, Tiago; ","Editorial (Português): Academic Journal on Computing, Engineering and Applied Mathematics","Academic Journal on Computing, Engineering and Applied Mathematics",1,2,i-iv,2020,
"da Silva Almeida, Tiago; da Silva, Alexandre C Rodrigues; Grout, Ian Andrew; ",Methodology analysis of a computational tool used in electronic circuit design,2011 IEEE International Instrumentation and Measurement Technology Conference,,,1-6,2011,IEEE
"da Cruz, Eduardo Lopes; da Silva Almeida, Tiago; da Silva, Alexandre César Rodrigues; ",Metodologia para síntese automática de máquinas de estados finitos baseada em descrição em alto nível de abstração,Proceedings of International Conference on Engineering and Computer Education,8,,371-375,2013,
"de Carvalho, Rafael Lima; da Silva Almeida, Tiago; Rocha, Marcelo Lisboa; ",Introdução às Metaheurísticas,Portal de Livros da Editora,1,18,Lv18-Lv18,2020,
"da Silva Almeida, Tiago; de Freitas, André Luiz Gomes; ",Evaluation of Clause-Column Table method to design of MIC hazard-free in asynchronous finite state machines,"Academic Journal on Computing, Engineering and Applied Mathematics",1,2,1-8,2020,
"da Silva Almeida, Tiago; Costa, Leonardo Rezende; ",Rastreamento Urbano de Transporte Integrado,XI Semana Acadêmica do curso de Ciência da Computação,,,,2018,
"Silva, Alexandre CR; da Silva Almeida, Tiago; Rossi, Silvano R; ",An Environment of State Transition Diagram Translation,,,,,,
"da Silva Almeida, Tiago; Grout, Ian Andrew; da Silva, Alexandre César Rodrigues; ",Code Generation From MATLAB–Simulink Models,MATLAB Applications for the Practical Engineer,,,,2014,IntechOpen
"da Silva Almeida, Tiago; Magalhães, Hudson Pena; ",A Precipitation forecasting in central ecotone region in Brazil using artificial neural networks and public climatic data,Revista Sítio Novo,5,2,131-146,2021,
"da Silva Almeida, Tiago; da Silva, Alexandre César R; Sampaio, Daniel JBS; ",Computational tool to support design of DAC Converter model AD7528 with the object code in XML,"2012 IEEE Ninth Electronics, Robotics and Automotive Mechanics Conference",,,327-332,2012,IEEE
"da Silva Almeida, Tiago; da Silva, Alexandre César R; Sampaio, Daniel JBS; ",Improvement and evaluation of the MS2SV for mixed systems design described in abstraction high level,"2012 IEEE Ninth Electronics, Robotics and Automotive Mechanics Conference",,,353-358,2012,IEEE
"da Silva, Paulo Gabriel Souza Ferreira; de Carvalho, Rafael Lima; da Silva Almeida, Tiago; ",FeSTA-D: The Effect of Delaunay Triangulation in the Relay Node Placement using FeSTA Algorithm,International Journal of Computer Applications,975,,8887,,
"da Silva Almeida, Tiago; da Silva, Alexandre César Rodrigues; Grout, Ian Andrew; ",Acquired Experiences with Computational Tool MS 2 SV Used in Electronic Circuit Design,,,,,2013,
"da Silva, Alexandre César Rodrigues; Sakamoto, Arnaldo Yoso; Kokumai, André Lacotis; dos Santos Filho, Tércio Alberto; da Silva Almeida, Tiago; ",PROJETO DE INICIAÇÃO CIENTÍFICA COM FORTE IMPACTO EM DESENVOLVIMENTO SUSTENTÁVEL,,,,,2009,
"da Silva, Alexandre César Rodrigues; da Silva Almeida, Tiago; Rossi, Silvano Renato; ",AMBIENTE DIDÁTICO PARA O ENSINO DE MÁQUINAS DE ESTADOS FINITOS,,,,,,
"da Silva Almeida, Tiago; Bastos, Murillo Vinícius Dourado; Roledo, Lucas Beraldo; ",Gerenciamento de transdutores para irrigação em agricultura de precisão baseado em internet das coisas,COMPUTACAO: TECNOLOGIAS COMPUTACIONAIS E SEUS IMPACTOS SOCIOECONˆOMICOS,,,20,2019,
"Carvalho, Edeilson Milhomem da Silva; da Silva Almeida, Tiago; ",Analysis of Genetic Algorithm for synthesis digital systems modeled in finite state machine,,,,,,
"da Silva Almeida, Tiago; de Castro Lima, Pedro Henrique; de Carvalho, Rafael Lima; da Silva, Warley Gramacho; ",Improvement in Logisim to Digital Systems Simulation in Higher Levels of Abstraction and Synthesis,METHODOLOGY,12,13,,2018,
"Varjao, Jonatha Oliveira Reis; da Silva Almeida, Tiago; ",Sensores eletroquımicos na detecç ao do gás amônia,,,,,,
"da Silva Almeida, Tiago; da Silva, Alexandre César Rodrigues; Rossi, Silvano Renato; ",MODELAGEM E ANÁLISE DO PADRÃO IEEE 1451 POR MEIO DE MÁQUINAS DE ESTADOS FINITOS,,,,,,
"da Silva, Alexandre César Rodrigues; Sakamoto, Arnaldo Yoso; Kokumai, André Lacotis; dos Santos Filho, Tércio Alberto; da Silva Almeida, Tiago; ",PROJETO DE EXTENSÃO UNIVERSITÁRIA VISANDO O DESENVOLVIMENTO SUSTENTÁVEL,,,,,2009,
"de Carvalho, Rafael Lima; da Silva, Tiago Almeida; Gonçalves, Fabrício Barros; ",UMA ANÁLISE DA IMPORTÂNCIA DAS PATENTES RELACIONADAS AO SOFTWARE,Revista Observatório,5,5,567-585,2019,
"SILVA, Alexandre César Rodrigues da; ALMEIDA, Tiago da Silva; ",SF2TAB+ VHDL: UM AMBIENTE DE TRADUÇÃO DE MÁQUINAS DE ESTADOS FINITOS PARA REALIZAÇÃO DE SÍNTESE LÓGICA,DINCON,9,,1-8,2009,
"Almeida, Tiago da Silva; ",Ambiente computacional para projetos de sistemas com tecnologia mista,,,,,2009,Universidade Estadual Paulista (Unesp)
"da Silva Almeida, Tiago; ","Editorial (Português): uma breve história do hardware, seus desafios, e impacto sobre o consumo de energia","Academic Journal on Computing, Engineering and Applied Mathematics",3,2,i-ix,2022,
"da Silva Almeida, Tiago; de Caravlho, Rafael Lima; ",Do VHDL ao VHDL-AMS em 1 dia,Portal de Livros da Editora,1,10,Lv10-Lv10,2020,
